<?xml version="1.0" encoding="UTF-8"?>
<beans xmlns="http://www.springframework.org/schema/beans"
    xmlns:xsi="http://www.w3.org/2001/XMLSchema-instance"
    xmlns:context="http://www.springframework.org/schema/context"
    xsi:schemaLocation="
    http://www.springframework.org/schema/beans   
    http://www.springframework.org/schema/beans/spring-beans-3.1.xsd
    http://www.springframework.org/schema/context 
    http://www.springframework.org/schema/context/spring-context-3.1.xsd
">
	<!--  
	<bean id="miTaxi" class="entidades.TaxiVehiculo">
		<constructor-arg ref="miInforme"></constructor-arg>
	</bean>
	<bean id="miMoto" class="entidades.MotoVehiculo">
		<constructor-arg ref="miInforme"></constructor-arg>
	</bean>
	<bean id="miColectivo" class="entidades.ColectivoVehiculo">
		<constructor-arg ref="miInforme"></constructor-arg>
	</bean>
	<bean id="miInforme" class="entidades.Informar">
	</bean>
	-->
	<context:component-scan base-package="anotaciones">
	</context:component-scan>
</beans>